,name,age,role,batting,bowling,Overall,Attacking ability,Control,Economy,Wicket taking ability
0,Kwena Maphaka,18,bowler,,32.37519826358837,32.37519826358837,0.0,,47.00435313587549,3.3930311890838207
1,Tristan Stubbs,24,batsman,78.07195121951219,36.135694353124386,78.07195121951219,31.236141906873616,77.39130434782608,46.1721131520227,15.472222222222221
2,Vivrant Sharma,23,all-rounder,40.33012706855792,28.51873988208237,39.13736431995529,18.715277777777775,39.361702127659576,43.01469062154204,0.0
3,Eoin Morgan,38,batsman,64.22335164835165,30.454642323524123,64.22335164835165,11.145104895104893,67.14285714285714,45.934603806220395,0.0
4,David Willey,38,all-rounder,50.51746031746032,49.975338535566735,53.86936113383872,15.555555555555554,51.19047619047619,69.81455261302085,10.33134496676163
5,Srikar Bharat,31,wicket-keeper,65.84908723077933,29.694688276759116,65.84908723077933,13.726449718620014,68.29268292682927,44.78836844156729,0.0
6,Gerald Coetzee,26,bowler,23.622222222222224,45.01542959501291,45.01542959501291,2.828282828282828,25.0,47.47697609437175,37.92211328976035
7,Suryakumar Yadav,34,batsman,87.5877369240641,32.90800746794378,87.5877369240641,79.13681122983449,76.28004179728318,49.6350037223888,0.0
8,Mitchell Marsh,33,all-rounder,82.21263503350198,54.7050072710013,78.61492604659688,60.057431970463554,75.0,58.81146677833432,44.01401903911944
9,Dasun Shanaka,33,all-rounder,32.479473684210525,27.58743798067341,33.08974470290264,13.815789473684209,32.0,41.610012037214794,0.0
10,Jhye Richardson,28,bowler,34.58461538461538,24.135444171013834,24.135444171013834,4.405594405594406,36.53846153846153,30.681409199425282,10.62652625152625
11,Marco Jansen,24,bowler,44.75160473494596,73.16418187151552,73.16418187151552,11.489655172413794,45.8955223880597,84.94215838207843,47.1919632050351
12,Shams Mulani,31,all-rounder,0.0,33.9074996860647,24.752474770827234,0.0,0.0,51.142533463144346,0.0
13,Prithvi Shaw,25,batsman,86.64550750202551,29.63797655468125,86.64550750202551,69.66192170818506,77.52161383285303,44.70283039921757,0.0
14,Sandeep Sharma,36,bowler,29.393589743589747,78.29590205613651,78.29590205613651,4.935897435897435,30.76923076923077,89.46382508436811,53.16914852997326
15,Shubman Gill,25,batsman,90.37978991038382,26.77151178790587,90.37978991038382,55.34983009497255,85.00307314074985,40.379354129571446,0.0
16,Jason Behrendorff,34,bowler,40.888888888888886,51.00961415945432,51.00961415945432,0.0,44.44444444444444,55.15667182309741,40.45025417574436
17,Mayank Markande,27,bowler,32.94307692307692,72.4686036695424,72.4686036695424,37.153846153846146,26.923076923076923,83.1669906193869,48.54030501089325
18,Jayant Yadav,34,all-rounder,38.90871794871795,45.26491773140654,46.27235404649088,17.948717948717945,38.0,64.23644497080583,7.496231696813091
19,Priyam Garg,23,batsman,76.6097322395914,26.934474265621198,76.6097322395914,16.89738430583501,79.23076923076923,40.625149721902254,0.0
20,Mayank Agarwal,34,batsman,80.84888125082333,27.035820612881874,80.84888125082333,48.721523493118184,76.22841965471447,40.778009974180804,0.0
21,Abhishek Sharma,24,all-rounder,84.55490766937066,50.70737021320137,78.96558847112905,69.53529460103543,75.27950310559007,62.59637706030038,25.787037037037035
22,Karun Nair,33,batsman,26.227777777777778,30.197340663602386,26.227777777777778,3.055555555555555,27.77777777777778,45.54651683801264,0.0
23,Richard Gleeson,36,bowler,23.0,34.00710327599415,34.00710327599415,0.0,25.0,49.87589495529296,2.631330309901738
24,Himanshu Sharma,26,bowler,,33.689472047361114,33.689472047361114,0.0,,50.81368332935311,0.0
25,Kamlesh Nagarkoti,25,bowler,23.0,29.248408044082733,29.248408044082733,0.0,25.0,44.11524591867682,0.0
26,Sherfane Rutherford,26,all-rounder,49.9793891402715,27.567695236985234,45.85797045297318,4.014705882352941,53.36538461538462,41.58023414326581,0.0
27,Raghav Goyal,23,bowler,,34.00921014427561,34.00921014427561,0.0,,51.29594290237649,0.0
28,Yash Thakur,25,bowler,,72.31769980226971,72.31769980226971,0.0,,76.24416849218052,60.97427476737821
29,Vijayakanth Viyaskanth,28,bowler,18.400000000000002,30.66748267226323,30.66748267226323,0.0,20.0,43.36285338255445,5.372299382716049
30,Rovman Powell,31,all-rounder,72.28668315646692,37.36871575070035,65.47464205945897,41.39072847682118,68.67469879518072,52.891738605044935,6.44675925925926
31,Sheldon Jackson,38,wicket-keeper,30.117600000000003,26.32898332891276,30.117600000000003,3.08,32.0,39.71189039051698,0.0
32,Shahbaz Nadeem,41,bowler,0.0,28.584479418911243,28.584479418911243,0.0,0.0,40.09529579145173,5.605877616747182
33,Kuldeep Yadav,25,bowler,54.124230875448774,84.22240570018302,84.22240570018302,16.313725490196077,54.929577464788736,89.8538768559079,69.04561721208985
34,Mukesh Kumar,31,bowler,20.444444444444443,43.7117202895645,43.7117202895645,0.0,22.22222222222222,45.05000458235672,38.77749930381509
35,Vishnu Vinod,33,wicket-keeper,28.634677419354844,34.5773656004051,28.634677419354844,8.75,29.03225806451613,52.15288929171206,0.0
36,Basil Thampi,31,bowler,,32.72806317578989,32.72806317578989,0.0,,40.508155990681196,16.445814436885865
37,Suyash Sharma,21,bowler,,48.36063458367881,48.36063458367881,0.0,,59.64201135431432,24.700227046970337
38,Riyan Parag,23,all-rounder,73.88633318040183,14.630081035155213,58.91125077364611,37.76796467282216,71.27976190476191,15.475350696754845,12.240682137834035
39,Nicholas Pooran,28,wicket-keeper,80.77098526246067,26.843922785679766,80.77098526246067,68.8166915052161,71.33838383838383,40.48857132078396,0.0
40,Shardul Thakur,33,all-rounder,60.40385767210199,76.4203083040679,76.32413667048425,27.35053336641032,59.11602209944752,82.00614696300114,61.765358172543806
41,Dwaine Pretorius,35,all-rounder,37.73540372670808,32.986924684618955,38.76239911326734,22.173913043478255,35.714285714285715,42.902721237153834,12.723866959064326
42,Mustafizur Rahman,29,bowler,29.14,81.43693449714507,81.43693449714507,6.999999999999999,30.0,87.62110357611446,65.38975581563358
43,Sunil Narine,36,all-rounder,63.400819974475134,85.86446956036407,84.23734157038731,68.31675433571168,52.57731958762887,100.0,54.80243574331672
44,Kieron Pollard,37,all-rounder,66.109580866952,45.17930642314045,63.620958216742714,34.502697841726615,63.60759493670886,57.687931258641235,19.417949576082105
45,Jofra Archer,30,bowler,23.0,28.36189149461908,28.36189149461908,0.0,25.0,39.97865566799506,5.198999402628434
46,Rinku Singh,27,batsman,79.32752016280574,28.682155705476838,79.32752016280574,44.13793926661574,75.67084078711986,43.26116999317773,0.0
47,Sai Kishore,31,bowler,37.61,43.16641215697632,43.16641215697632,45.49999999999999,30.0,53.16926757130418,22.171394277875756
48,Yuzvendra Chahal,34,bowler,27.058823529411768,88.35808803404157,88.35808803404157,0.0,29.411764705882355,90.27995740397282,79.83886911822854
49,Mandeep Singh,33,batsman,47.52394371875504,35.00165893886037,47.52394371875504,8.899572649572649,49.52830188679245,52.79284907822077,0.0
50,Shamar Joseph,25,bowler,,35.05451492006656,35.05451492006656,0.0,,52.872571523478975,0.0
51,Ramandeep Singh,27,all-rounder,73.4254357298475,35.73019296940405,65.74883369238606,38.56481481481481,70.58823529411765,44.2042558847279,17.99095607235142
52,Riley Meredith,28,bowler,15.333333333333332,74.28549179766405,74.28549179766405,0.0,16.666666666666664,83.0303649024646,53.88336097291321
53,Ravindra Jadeja,36,all-rounder,76.2434713063916,82.04437817684845,85.81517631327252,31.83962264150943,75.25951557093425,94.66471689506422,54.01028256420414
54,Vidwath Kaverappa,26,bowler,,32.37814584117358,32.37814584117358,0.0,,43.05026256698992,10.744598765432098
55,Piyush Chawla,36,bowler,28.50105263157895,79.72930634920209,79.72930634920209,13.999999999999998,27.631578947368425,87.74790802350657,60.37098971881581
56,Saurav Chauhan,31,batsman,21.040000000000003,33.16024436834458,21.040000000000003,11.999999999999998,20.0,50.01545153596467,0.0
57,Lockie Ferguson,33,bowler,23.331944444444442,81.21619095920305,81.21619095920305,13.124999999999998,22.22222222222222,83.69461753514716,72.06347208235425
58,Angkrish Raghuvanshi,22,batsman,76.86904761904762,32.96770375947004,76.86904761904762,34.772727272727266,75.23809523809524,49.72504337778286,0.0
59,Yash Dhull,22,batsman,36.9964705882353,30.00567987951233,36.9964705882353,4.529411764705882,39.130434782608695,45.257435715704865,0.0
60,Romario Shepherd,29,all-rounder,50.989560439560435,10.094931391044543,40.654655793834266,38.76373626373626,46.15384615384615,8.392810332107317,12.690470982793817
61,RajÂ Bawa,2024,all-rounder,37.682857142857145,31.25578102477703,38.13545126270991,6.999999999999999,39.285714285714285,47.14295780509356,0.0
62,Glenn Phillips,27,batsman,57.596363636363634,34.13567647856715,57.596363636363634,27.999999999999996,55.90909090909091,46.8582489761082,8.595679012345679
63,Dushmantha Chameera,32,bowler,25.23467741935484,46.66480707836617,46.66480707836617,23.2258064516129,21.875,58.28909126994043,22.462575816234352
64,Aaron Finch,38,batsman,39.778968253968266,31.66251639449226,39.778968253968266,16.527777777777775,39.28571428571429,47.75643498415122,0.0
65,KL Rahul,32,batsman,86.56687570731386,35.282805175163645,86.56687570731386,57.19905353445726,80.41639557579701,53.21690071668724,0.0
66,Kuldip Yadav,32,bowler,34.5,29.576760629966632,29.576760629966632,0.0,37.5,38.182106263969686,11.93844307270233
67,Chris Jordan,36,bowler,25.68614718614719,39.39089168394074,39.39089168394074,7.231404958677686,26.190476190476193,47.27558547211496,22.541116291116293
68,Azmatullah Omarzai,23,all-rounder,39.202967607105535,34.29480539788958,40.2784001884695,19.793103448275858,37.878787878787875,46.34479503801893,9.99497559575079
69,Shubham Dubey,26,all-rounder,34.644444444444446,33.489736705367896,36.67695492426953,29.696969696969695,30.555555555555557,50.51242338667857,0.0
70,Nathan Coulter-Nile,37,bowler,19.714285714285715,44.71947122093343,44.71947122093343,0.0,21.428571428571427,58.709419037786624,16.232847055688783
71,Chetan Sakariya,26,bowler,27.056666666666665,75.5376116686394,75.5376116686394,4.5,28.333333333333332,90.21878185183331,44.0407823553891
72,Ishant Sharma,36,bowler,17.25,54.998297542368356,54.998297542368356,0.0,18.75,62.689571337465274,37.63336623425456
73,Narayan Jagadeesan,30,wicket-keeper,64.54143966908798,34.39896469983139,64.54143966908798,24.032738095238095,64.40677966101694,51.883807993712495,0.0
74,Dwayne Bravo,41,all-rounder,38.25113302196852,87.92797551085279,77.19280735039183,40.40650406504064,31.914893617021278,93.13099951283526,73.33927964661909
75,David Miller,35,batsman,79.24481887170293,30.923701710158593,79.24481887170293,38.15565526845118,77.01149425287356,46.64208402738852,0.0
76,Harpreet Brar,30,all-rounder,62.58915989159892,79.44919733933662,79.27822842085936,19.647696476964768,63.33333333333333,92.15080419336564,51.40956347096698
77,Wriddhiman Saha,40,wicket-keeper,73.67069787629696,26.513467960979426,73.67069787629696,41.56952340977602,70.1363073110285,39.990147754116784,0.0
78,Devon Conway,33,batsman,77.72202005866211,28.3336986431276,77.72202005866211,41.89729397293972,74.46153846153845,42.73559373020754,0.0
79,Quinton de Kock,32,wicket-keeper,77.73190363695521,33.572784902580665,77.73190363695521,50.47318611987382,72.42152466367713,50.63768461927701,0.0
80,Rahmanullah Gurbaz,22,wicket-keeper,71.46620763514397,30.247289931573587,71.46620763514397,33.44368340943684,69.68325791855203,45.621855100412645,0.0
81,Sanjay Yadav,32,all-rounder,0.0,31.457826170873957,22.96421310473799,0.0,0.0,47.447701615194504,0.0
82,Tabraiz Shamsi,35,bowler,46.0,26.161861933050254,26.161861933050254,0.0,50.0,39.45982192013613,0.0
83,Mahipal Lomror,25,all-rounder,76.41935274506055,38.26605283837248,68.79658546894085,45.02654196157735,72.2972972972973,55.338895523118524,4.415588533739219
84,Rasikh Salam,24,bowler,25.489211076280043,25.335107705591458,25.335107705591458,8.14655172413793,25.757575757575758,29.130859117837616,16.86652131782946
85,Arshin Kulkarni,26,batsman,40.275,26.94028508643649,40.275,26.249999999999996,37.5,40.6339141575211,0.0
86,Mayank Yadav,22,bowler,,56.85570894593825,56.85570894593825,0.0,,66.99126084907277,34.847347347347345
87,Rachin Ravindra,25,all-rounder,75.02148648648648,30.20759839037547,65.03626858786279,41.00675675675675,71.73913043478261,45.56198852243661,0.0
88,Tushar Deshpande,28,bowler,23.0,82.04768223496914,82.04768223496914,0.0,25.0,82.25810534682726,77.06038764712233
89,Mujeeb Ur Rahman,23,bowler,0.0,36.40580659341469,36.40580659341469,0.0,0.0,51.89216935782193,5.605877616747182
90,Mayank Dagar,27,bowler,0.0,32.29107419790708,32.29107419790708,0.0,0.0,46.170667058137795,4.70566369288997
91,Ayush Badoni,25,batsman,74.4201434480042,30.43815186361902,74.4201434480042,26.58506762079832,74.53416149068323,40.355600263544694,10.314814814814815
92,Kyle Jamieson,30,all-rounder,48.47788886305511,33.20516127787266,46.67861370450693,20.767263427109974,47.72727272727273,40.894379755464044,17.064950980392155
93,Nehal Wadhera,26,batsman,72.1692897683694,28.632032169752232,72.1692897683694,40.75471698113208,68.69918699186992,43.18556888348753,0.0
94,Mitchell Starc,34,bowler,31.372727272727275,46.177240366690796,46.177240366690796,9.545454545454545,31.818181818181817,45.24112717920934,45.328776041666664
95,Praveen Dubey,31,all-rounder,32.29555555555556,34.866750093216396,36.43321645693686,10.888888888888888,32.5,48.732331202177306,7.1630658436214
96,Rahul Tripathi,33,batsman,84.16558993494753,34.22427634767761,84.16558993494753,68.44824177618855,75.11627906976744,51.62032631625581,0.0
97,Adam Milne,32,bowler,29.336111111111116,32.470875801479856,32.470875801479856,5.568181818181818,30.555555555555557,43.71608614063977,9.767817059483725
98,Tim Seifert,30,wicket-keeper,39.09614035087719,34.59328185584086,39.09614035087719,38.31578947368421,33.33333333333333,52.1768957101672,0.0
99,Yashasvi Jaiswal,23,batsman,89.28795906126969,34.486505692400186,89.28795906126969,106.21226917613637,71.65354330708661,52.015845689894704,0.0
100,Krunal Pandya,33,all-rounder,69.97412384538747,79.2388125517197,81.63553527018712,29.84748000188587,68.92138939670932,94.91868827978506,45.67989417989418
101,Jagadeesha Suchith,31,all-rounder,24.192857142857143,44.31336885404763,40.574330692026194,20.357142857142854,21.428571428571427,57.76228287391502,16.854272573226822
102,Umesh Yadav,37,bowler,38.401449830397205,75.70225511631591,75.70225511631591,13.607068607068607,38.48684210526316,87.9826488785259,48.654786862334035
103,Rohit Sharma,37,batsman,78.3265084458351,28.63585982919756,78.3265084458351,60.32945459007341,70.71090047393365,43.191342125486514,0.0
104,Karan Sharma,36,batsman,37.38819444444445,32.213714430162526,37.38819444444445,2.673611111111111,40.0,48.587804570380875,0.0
105,Sai Sudharsan,23,batsman,84.1072731124115,30.84921539098785,84.1072731124115,47.98395896988215,79.94652406417111,46.52973663799072,0.0
106,Mukesh Choudhary,28,bowler,38.36666666666667,48.69515771769662,48.69515771769662,35.0,33.33333333333333,55.303843692463225,33.69386372435152
107,Mohammad Nabi,39,all-rounder,52.288836772983124,28.529825525854555,47.87099152306823,14.512195121951217,53.36538461538462,37.29367235727023,10.655800428527701
108,Michael Bracewell,34,all-rounder,40.036650652024704,42.021223686667504,44.28795451295568,12.932551319648093,40.42553191489361,47.60164647957833,29.30345117845118
109,Manimaran Siddharth,26,bowler,,43.22508623997593,43.22508623997593,0.0,,62.09680501672254,5.756035052910052
110,Jason Holder,33,all-rounder,55.61643990929705,82.22999973131992,78.93748937302453,17.574726860441146,56.25,85.08592557976259,72.31941476733144
111,Anmolpreet Singh,26,batsman,68.11080919540231,29.24920255486755,68.11080919540231,21.19333333333333,68.96551724137932,44.116444275818324,0.0
112,Fabian Allen,30,all-rounder,26.32425180598555,31.30678629880644,31.804199612163792,9.6078431372549,26.31578947368421,43.36285338255445,7.1630658436214
113,Umran Malik,24,bowler,30.825,77.32583590225434,77.32583590225434,22.499999999999993,28.125,82.39998891501182,63.57042927619469
114,Josh Little,25,bowler,,49.61542995572997,49.61542995572997,0.0,,58.0870820353743,31.10278589993502
115,Kagiso Rabada,29,bowler,44.27476851851852,81.50471197915661,81.50471197915661,34.629629629629626,39.84375,86.42844437384267,67.79454722492697
116,Lungi Ngidi,28,bowler,,24.880025735351015,24.880025735351015,0.0,,25.638311014519626,22.07794266869609
117,Shimron Hetmyer,28,batsman,73.365132604263,27.25984872311918,73.365132604263,46.30871551995263,68.67088607594937,41.11591059293993,0.0
118,Sean Abbott,32,all-rounder,42.190000000000005,33.83098473019463,42.30123480826618,24.499999999999996,40.0,48.25006076282078,5.157407407407407
119,Alzarri Joseph,27,bowler,32.16882309941521,43.89972890614217,43.89972890614217,3.159722222222222,34.21052631578947,51.78745466288945,26.791726791726788
120,Harshal Patel,34,bowler,58.03840767076062,92.53058157395331,92.53058157395331,21.116138763197583,58.03571428571429,88.1768258743676,95.4323417906095
121,Jaydev Unadkat,33,bowler,53.49959411140373,67.00757694828026,67.00757694828026,23.738029039233854,52.475247524752476,81.71882785540654,35.932756527018824
122,Tom Curran,29,all-rounder,35.33058823529412,35.006207685535294,37.69344002484671,12.999999999999998,35.294117647058826,45.3611415568657,13.814484126984125
123,Harry Brook,25,batsman,71.7166481215777,26.141189050438246,71.7166481215777,26.47616468039003,71.62162162162163,39.42864110171681,0.0
124,Dinesh Karthik,39,wicket-keeper,76.64123788217749,29.386722580266138,76.64123788217749,50.99552572706935,71.11111111111111,44.32386512860654,0.0
125,Wayne Parnell,36,all-rounder,18.400000000000002,34.38561024690434,31.357495480240168,0.0,20.0,42.66808431532702,17.077507971547707
126,Fazalhaq Farooqi,25,bowler,28.30769230769231,36.641288512161324,36.641288512161324,0.0,30.76923076923077,48.674758656040076,12.240682137834035
127,Mark Wood,34,bowler,44.540000000000006,47.344107563799625,47.344107563799625,77.0,30.0,51.926945558174154,36.1807917611489
128,Litton Das,30,wicket-keeper,42.2,30.676424180635887,42.2,35.0,37.5,46.26911641121551,0.0
129,George Garton,27,bowler,0.0,36.699800970643516,36.699800970643516,0.0,0.0,49.755226843388854,10.397998805256869
130,Nitish Rana,36,batsman,76.2346905995519,37.14737386257045,76.2346905995519,52.67641303096581,70.26726057906458,49.26688662483774,12.558621933621932
131,Ripal Patel,29,all-rounder,52.8753086419753,29.86346138364503,48.75255217908128,13.82716049382716,54.16666666666666,45.04292818046007,0.0
132,Ambati Rayudu,39,batsman,77.85880054466875,29.15289198171339,77.85880054466875,47.676008202323985,73.22834645669292,43.97117945959787,0.0
133,Manan Vohra,31,batsman,46.209047619047624,34.49589122906017,46.209047619047624,20.863636363636363,45.23809523809524,52.030001853786075,0.0
134,Akeal Hosein,31,bowler,28.133333333333333,32.12435008111272,32.12435008111272,23.333333333333336,25.0,45.56024012290059,5.372299382716049
135,Rilee Rossouw,35,batsman,79.63767839595948,31.986918323088407,79.63767839595948,45.57050497990564,75.66539923954373,48.245728994100155,0.0
136,Akash Deep,26,bowler,24.391666666666673,18.88993476597608,18.88993476597608,23.749999999999996,20.833333333333336,20.323766196377527,15.16884531590414
137,Bhuvneshwar Kumar,34,bowler,65.3028028028028,77.18467310273378,77.18467310273378,18.043043043043046,66.66666666666666,89.30193760138836,50.35711056866467
138,Siddarth Kaul,35,bowler,32.6,37.341245021778604,37.341245021778604,17.5,31.25,50.21627890500389,11.338521310254977
139,Amit Mishra,42,bowler,29.812053571428578,60.152306430672105,60.152306430672105,1.0937499999999996,32.142857142857146,67.36272667799352,43.39164886039886
140,Spencer Johnson,30,bowler,35.423809523809524,32.166463067702026,32.166463067702026,11.666666666666664,35.714285714285715,41.130722975079095,13.716509062253742
141,Matthew Short,31,all-rounder,49.679130434782614,34.20558572286257,47.895664363164585,28.086956521739125,47.28260869565218,51.59213532860116,0.0
142,Lalit Yadav,28,all-rounder,63.88898772460416,47.747240238414754,62.87302272002205,18.299881936245573,65.06849315068493,58.89508040753828,24.369193076237746
143,Kane Williamson,34,batsman,79.17780103730287,35.172334318751574,79.17780103730287,27.519523005487546,79.4820717131474,53.050278007166774,0.0
144,Marcus Stoinis,35,all-rounder,84.25676484148322,47.048675947892725,77.50398815656628,61.43971514166751,76.89133425034387,49.844943111487126,39.21982819321222
145,Rajat Patidar,31,batsman,77.10353425296995,32.57317146000027,77.10353425296995,41.06440950509201,73.98843930635837,49.1299720361995,0.0
146,Trent Boult,35,bowler,42.21029577586955,82.32577717985765,82.32577717985765,12.644201578627806,42.857142857142854,91.00422782172633,61.59656620182936
147,Varun Chakravarthy,33,bowler,35.578,85.64266488780628,85.64266488780628,4.9,37.5,93.3021875162017,66.61992875228168
148,Ajinkya Rahane,36,batsman,75.51350021909056,30.91935313853914,75.51350021909056,38.749577559986484,72.81368821292776,46.6355250958358,0.0
149,Pat Cummins,31,bowler,69.90400271370422,78.22400787472348,78.22400787472348,49.25373134328358,64.20454545454545,81.55737185316238,67.65117741197987
150,Glenn Maxwell,36,all-rounder,79.59389147125779,57.57304253821989,77.67837523701294,63.69103405185879,71.28463476070529,69.43700828858958,32.31458275317924
151,Kuldeep Sen,25,bowler,0.0,46.8467116885979,46.8467116885979,0.0,0.0,52.38852238848969,33.9303118908382
152,MS Dhoni,43,wicket-keeper,79.07718417250626,29.236314542891378,79.07718417250626,56.685678776714965,72.39819004524887,44.09700534372757,0.0
153,Aiden Markram,30,batsman,83.75332230207255,34.95613676850208,83.75332230207255,43.88810980792113,80.54123711340206,49.90196712369496,5.241267690454682
154,Krishnappa Gowtham,36,all-rounder,34.9979020979021,40.62476275932908,41.555363527596946,35.771349862258944,29.48717948717949,53.60270024263012,14.24698178841825
155,Sam Curran,26,all-rounder,81.20416664493234,72.09611639782679,83.79172122606172,34.74660814046289,79.95642701525054,75.94964788502912,60.90055980406858
156,Liam Livingstone,31,all-rounder,79.54695074600986,48.51467433018033,74.56426331684851,56.312108943687896,72.99813780260708,58.37421876176771,27.48618288831467
157,Chris Woakes,36,all-rounder,40.86936026936027,48.064684609122075,48.98280225624161,33.703703703703695,36.36363636363637,59.54302255514937,24.055071862907678
158,Dhawal Kulkarni,36,bowler,,26.258964288773704,26.258964288773704,0.0,,39.606280978542536,0.0
159,Jason Roy,34,batsman,74.66533956414838,35.3753225682889,74.66533956414838,52.55807027992853,68.58974358974359,53.35644429606169,0.0
160,Prerak Mankad,30,all-rounder,49.0807100591716,32.382427932425095,46.8389438402198,22.366863905325445,48.0,48.842274407880986,0.0
161,Ashutosh Sharma,28,batsman,69.38214285714285,32.83291981609937,69.38214285714285,27.873376623376622,68.75,49.52174934554957,0.0
162,Venkatesh Iyer,30,all-rounder,79.24114180337888,23.69070897856854,65.90087456917989,61.7946043239042,71.35470527404343,29.45910132635257,11.650769745649264
163,Suyash Prabhudessai,26,all-rounder,57.60796004387002,33.698829447106114,53.511412844041196,16.574643556052557,58.65384615384615,50.82779705445869,0.0
164,Keshav Maharaj,35,bowler,46.0,34.147951018802196,34.147951018802196,0.0,50.0,47.64816970230672,7.1630658436214
165,Varun Aaron,35,bowler,,30.19218936594616,30.19218936594616,0.0,,41.33107211728146,7.814253647586981
166,Odean Smith,28,all-rounder,26.421454545454544,21.206438074197322,26.497850763408906,10.799999999999997,26.136363636363637,18.921425444069914,24.261997212266028
167,Shreyas Iyer,30,batsman,79.4378112985061,33.54239704097887,79.4378112985061,35.24762711442167,77.91666666666667,50.59185074054127,0.0
168,Jonny Bairstow,35,wicket-keeper,77.22543528867178,28.98006673142019,77.22543528867178,63.046017878911,68.86446886446886,43.71050789052819,0.0
169,Sarfaraz Khan,27,batsman,65.48306220095694,27.840976316556056,65.48306220095694,12.526315789473685,68.18181818181817,41.992422800235374,0.0
170,Deepak Hooda,30,all-rounder,76.59880156778576,33.723086896886905,67.38297468942514,40.91472996443637,73.47560975609755,47.248413721493016,6.715374228395062
171,Ricky Bhui,29,batsman,30.666666666666664,29.543948593053397,30.666666666666664,0.0,33.33333333333333,44.561008435977975,0.0
172,Mohsin Khan,25,bowler,26.51358024691358,78.90576871787619,78.90576871787619,12.098765432098762,25.925925925925924,89.23850264203276,55.2959144711722
173,Cameron Green,25,all-rounder,82.6890915226782,68.6300407351187,83.69725066149545,75.09375,71.92224622030238,84.36221420032004,35.56832694763729
174,Lukman Meriwala,33,bowler,,34.005322889055925,34.005322889055925,0.0,,47.6360461840876,6.7860623781676415
175,Tymal Mills,32,bowler,0.0,21.120716503692194,21.120716503692194,0.0,0.0,21.842826889971594,18.59642094017094
176,Shreyas Gopal,31,all-rounder,34.53333333333333,18.71476536512907,31.572353557477214,34.99999999999999,29.166666666666668,21.42086558619546,12.640704429920117
177,Will Jacks,26,batsman,68.15123746867168,18.413545776196123,68.15123746867168,33.08662280701755,66.16541353383458,21.344678128569218,11.93844307270233
178,Daniel Sams,31,all-rounder,28.54064171122995,54.87795601434107,49.76472607228717,6.176470588235294,29.545454545454547,66.94200293122728,29.398902159488475
179,Heinrich Klaasen,32,wicket-keeper,88.74463560593377,31.418659701853887,88.74463560593377,68.05760449596066,80.18691588785046,47.388627001287915,0.0
180,Ruturaj Gaikwad,27,batsman,88.209834706842,31.446038383998456,88.209834706842,59.95850622406639,81.54235145385587,47.42992214781064,0.0
181,Josh Hazlewood,33,bowler,32.54697802197803,83.00865119313373,83.00865119313373,6.057692307692307,33.92857142857143,89.85711516553528,65.63973063973063
182,Shahbaz Ahmed,31,all-rounder,70.47131583936691,66.43197315886937,74.03093143675343,26.567807404891305,70.24608501118567,79.38475670227044,38.655124552560444
183,Anukul Roy,26,all-rounder,31.197727272727274,37.87712492898523,38.25752847088649,8.75,31.818181818181817,50.13124881167323,12.997498506571088
184,Obed McCoy,27,bowler,30.68,39.4687747665999,39.4687747665999,13.999999999999998,30.0,48.29980063673522,20.857162309368192
185,Mohit Sharma,36,bowler,17.25,81.97815035178931,81.97815035178931,0.0,18.75,80.74952542429263,79.66726889491117
186,Nathan Ellis,30,bowler,30.008750000000003,52.82806143506973,52.82806143506973,2.585227272727273,32.0,62.07921445180785,32.68779342723004
187,Yash Dayal,27,bowler,0.0,72.51810389650441,72.51810389650441,0.0,0.0,82.2626108667008,50.35852350667166
188,Shivam Mavi,26,bowler,26.875857142857143,53.83750633267764,53.83750633267764,10.149999999999999,26.785714285714285,64.67272336642067,30.698853615520278
189,Simarjeet Singh,26,bowler,34.5,41.48358757015418,41.48358757015418,0.0,37.5,55.14420478457674,13.789859378094672
190,Ashton Turner,31,all-rounder,41.53333333333333,31.16419039446486,40.91515806745139,5.833333333333332,43.75,47.00481205801638,0.0
191,Sikandar Raza,38,all-rounder,64.38092147955874,30.60704679256106,57.404468589548635,14.89292667099286,66.4179104477612,40.109826122047735,11.244347545219638
192,Khaleel Ahmed,27,bowler,11.5,81.29320994663695,81.29320994663695,0.0,12.5,85.75049129464232,68.46116027531957
193,Joe Root,34,batsman,36.142857142857146,26.36854872971159,36.142857142857146,0.0,39.285714285714285,39.771566711480524,0.0
194,Suresh Raina,38,batsman,69.78123939779474,29.0966913732332,69.78123939779474,17.118055555555557,71.7557251908397,43.88641232765188,0.0
195,Sumit Kumar,33,wicket-keeper,23.10458333333333,30.928420404123557,23.10458333333333,9.187499999999998,22.916666666666664,46.64920121285604,0.0
196,Saurabh Tiwary,35,batsman,62.33365090650552,27.005255103009286,62.33365090650552,14.96551724137931,64.17525773195877,40.73190814933527,0.0
197,Atharva Taide,25,all-rounder,72.9016885553471,32.088568460783186,64.12834592206967,25.384615384615383,73.17073170731707,48.39904745216167,0.0
198,Tanush Kotian,25,bowler,35.211827956989254,27.489577974742414,27.489577974742414,11.666666666666666,35.483870967741936,41.462410218314346,0.0
199,Dewald Brevis,21,batsman,63.62477611940299,49.738364059026146,63.62477611940299,21.567164179104477,64.0,40.306837863454895,64.4675925925926
200,Shikhar Dhawan,39,batsman,79.15514310717258,27.95344862384309,79.15514310717258,52.87991300656521,73.39300244100895,42.162064289356096,0.0
201,Arshad Khan,29,bowler,41.343421052631584,15.293003165383523,15.293003165383523,15.19736842105263,41.30434782608696,16.215056803917886,12.723866959064326
202,Harbhajan Singh,44,bowler,0.0,34.05397030332736,34.05397030332736,0.0,0.0,51.36345445449074,0.0
203,Virat Singh,30,batsman,25.881452991452992,31.657869267270886,25.881452991452992,5.055555555555555,26.923076923076923,47.74942574249002,0.0
204,Karn Sharma,37,bowler,59.285714285714285,40.75194895159359,40.75194895159359,150.0,28.57142857142857,41.12118395624375,37.783204449871114
205,Nandre Burger,29,bowler,,39.04626201992831,39.04626201992831,0.0,,47.09751817434976,21.906463502337285
206,Ishan Kishan,26,wicket-keeper,82.82638394285439,31.29724137820405,82.82638394285439,67.56353603553083,73.87218045112782,47.20549227481757,0.0
207,Arshdeep Singh,25,bowler,25.11789375582479,81.14285933054731,81.14285933054731,18.103448275862068,22.972972972972975,85.1945779244052,69.07242063492063
208,Vijaykumar Vyshak,31,bowler,31.232727272727274,47.662647372653424,47.662647372653424,8.909090909090908,31.818181818181817,46.45287873830518,47.239184227330774
209,Bhanuka Rajapaksa,33,batsman,64.70260541598283,25.987129598103824,64.70260541598283,26.205024618103778,64.0625,39.19627390362567,0.0
210,Travis Head,31,all-rounder,94.60554189647155,26.0074764084862,77.90458756330953,128.31683168316835,72.14765100671141,39.226962908727295,0.0
211,Kartik Tyagi,24,bowler,24.54,38.92073803797074,38.92073803797074,7.0,25.0,48.6421473213297,18.686258722490606
212,Mohammed Shami,34,bowler,20.445238095238096,89.13018788349386,89.13018788349386,2.0238095238095237,21.73913043478261,92.49478886723237,77.88835536279774
213,Abishek Porel,25,wicket-keeper,77.60462366347937,31.76846013576094,77.60462366347937,42.2527763088313,74.2489270386266,47.91622946570277,0.0
214,Tom Kohler-Cadmore,30,batsman,48.60801304449103,30.503186878250318,48.60801304449103,13.82716049382716,49.52830188679245,46.007823345777254,0.0
215,Adam Zampa,32,bowler,39.86666666666667,41.16234055857001,41.16234055857001,0.0,43.333333333333336,50.25089216521826,21.97758838383838
216,Maheesh Theekshana,25,bowler,38.385714285714286,79.71696881554136,79.71696881554136,54.99999999999999,28.57142857142857,92.33215804001335,51.822823627486
217,Sachin Baby,34,batsman,31.625,27.348902696262616,31.625,0.0,34.375,41.250230311105,0.0
218,Chris Morris,37,all-rounder,35.715360360360364,52.808936055555634,50.69374584307813,14.236486486486484,35.41666666666667,56.233772005288465,43.490042621987065
219,Jalaj Saxena,38,all-rounder,,26.464267845910445,,0.0,,39.91593943576236,0.0
220,KM Asif,31,bowler,23.0,37.38033912932755,37.38033912932755,0.0,25.0,49.367810270004966,13.023756079311635
221,Kulwant Khejroliya,32,bowler,,37.44990180595016,37.44990180595016,0.0,,51.34280914688745,9.550754458161865
222,Sam Billings,33,wicket-keeper,70.10999180999183,33.97385690007679,70.10999180999183,14.549549549549548,72.72727272727273,51.24261975878852,0.0
223,Kumar Kartikeya,27,bowler,18.778205128205133,52.086200692974096,52.086200692974096,4.935897435897435,19.230769230769234,63.598751139117084,27.78775542784164
224,Prasidh Krishna,28,bowler,17.692307692307697,81.08840057662292,81.08840057662292,0.0,19.230769230769234,89.98957744981728,60.01487598709821
225,Chris Gayle,45,batsman,70.12998581681475,33.12158379413745,70.12998581681475,28.21776315789473,69.48051948051948,49.95713996099163,0.0
226,Imran Tahir,45,bowler,,38.96050373374927,38.96050373374927,0.0,,50.08562759405789,16.11689814814815
227,Jake Fraser-McGurk,23,batsman,74.56227378070382,34.55393216151858,74.56227378070382,93.77836044520548,58.620689655172406,52.11754473833873,0.0
228,Phil Salt,32,wicket-keeper,88.49696887398109,34.91173415698435,88.49696887398109,116.07616669267989,68.43501326259947,52.65721592305332,0.0
229,Anrich Nortje,31,bowler,26.346396878824972,79.91843113212663,79.91843113212663,12.779605263157896,25.581395348837212,82.7979555778548,70.09351984316218
230,Sanvir Singh,27,all-rounder,34.752380952380946,28.03363081834397,34.900672573475035,18.57142857142857,33.33333333333333,42.28300274260025,0.0
231,Shashank Singh,31,all-rounder,78.4040020532427,32.4789996333737,68.27778137421423,55.41764018691588,71.96969696969697,45.33389949376749,6.7860623781676415
232,Axar Patel,31,all-rounder,78.18217035072936,81.77347961393625,86.27657803742144,40.23288681332186,75.35971223021582,95.6964941976333,51.33530521262003
233,Murugan Ashwin,34,bowler,30.69325657894737,50.119337744879935,50.119337744879935,7.457386363636362,31.57894736842105,62.64204689264238,24.055071862907678
234,Shivam Dube,31,all-rounder,81.7107837591124,2.3014930555555555,60.43137978304094,60.65791755795803,74.3109151047409,0.0,6.446759259259259
235,Abhinav Manohar,31,batsman,68.79745238095238,28.17521698344244,68.79745238095238,30.741666666666667,67.42857142857143,42.49655653611227,0.0
236,Moeen Ali,37,all-rounder,75.5775660576874,83.48977766285581,86.64391015349847,42.94556451612903,71.87993680884675,97.2750030853271,53.21134626690181
237,Hardik Pandya,31,all-rounder,83.70861420002353,69.8068705326261,84.84162434711006,53.52603769992384,78.18791946308725,82.23073065387723,42.82323840085573
238,Jos Buttler,34,wicket-keeper,80.70922134119809,26.076087094910996,80.70922134119809,61.064642459991305,73.125,39.33044810695474,0.0
239,Jasprit Bumrah,31,bowler,23.29843527738265,92.05499004701545,92.05499004701545,4.182076813655761,24.324324324324326,98.341344810893,75.22318890026158
240,BR Sharath,27,wicket-keeper,9.200000000000001,32.000952738887946,9.200000000000001,0.0,10.0,48.26689704206326,0.0
241,David Warner,38,batsman,81.01944869128674,26.128657504845293,81.01944869128674,57.16318320086351,74.39516129032258,39.40973982631266,0.0
242,Mohit Rathee,32,bowler,46.0,33.94881513073314,33.94881513073314,0.0,50.0,51.20484936762162,0.0
243,Luke Wood,29,bowler,42.21666666666666,30.250780473317157,30.250780473317157,52.49999999999999,33.33333333333333,43.643501635638415,3.6838624338624335
244,Andrew Tye,38,bowler,,27.368504053892313,27.368504053892313,0.0,,33.73342123822843,14.014694041867953
245,Matt Henry,33,bowler,,32.00309778545063,32.00309778545063,0.0,,45.825532470614085,4.539971309337506
246,Rishabh Pant,27,wicket-keeper,78.49798352681864,33.918338179559704,78.49798352681864,56.48740368107957,71.81603773584906,51.158881115474664,0.0
247,Robin Uthappa,39,wicket-keeper,73.2016651930445,28.657535908938016,73.2016651930445,25.10683760683761,73.5632183908046,43.22403606174663,0.0
248,Dan Christian,41,all-rounder,31.15625,35.37298622820915,36.41540494659268,10.9375,31.25,46.47899583259431,12.765859919325266
249,Anuj Rawat,25,wicket-keeper,70.29710820895521,33.510444844484375,70.29710820895521,19.939365671641788,71.64179104477611,50.543657382329364,0.0
250,Shai Hope,31,wicket-keeper,80.8047256097561,31.2883060798497,80.8047256097561,30.70884146341463,80.48780487804879,47.19201520339321,0.0
251,Navdeep Saini,32,bowler,23.0,17.105940125343125,17.105940125343125,0.0,25.0,15.38681894219677,19.340277777777775
252,T Natarajan,33,bowler,,83.46225219515047,83.46225219515047,0.0,,84.21404183842785,77.39031500356528
253,Adil Rashid,36,bowler,38.39366515837105,31.81255560047798,31.81255560047798,26.923076923076923,35.294117647058826,42.19718528087288,10.744598765432098
254,Shivam Singh,25,all-rounder,15.333333333333332,31.955185494878208,28.540618744594425,0.0,16.666666666666664,48.19786650811192,0.0
255,Akash Madhwal,31,bowler,18.400000000000002,51.900295376558155,51.900295376558155,0.0,20.0,53.48576058136809,46.04828042328042
256,Faf du Plessis,40,batsman,86.21267049506069,32.91456549073322,86.21267049506069,70.25884229191367,76.90839694656488,49.644895159476945,0.0
257,Evin Lewis,32,batsman,70.20586933774057,26.783160406394362,70.20586933774057,28.562688253012045,69.48051948051948,40.39692368988592,0.0
258,Deepak Chahar,32,bowler,30.666666666666664,81.07387554588468,81.07387554588468,0.0,33.33333333333333,89.07481548661426,61.67303327243536
259,Yudhvir Singh,28,bowler,23.654166666666665,28.058260170095956,28.058260170095956,16.041666666666664,21.875,32.67756245047339,17.907664609053494
260,Matheesha Pathirana,22,bowler,,92.03633525657521,92.03633525657521,0.0,,95.1868237630472,81.02933081701659
261,Daryl Mitchell,34,all-rounder,75.2874768654508,28.989835743648765,64.81640226461967,33.2605800532702,73.88059701492537,42.24807993454577,2.7433018124507482
262,Gulbadin Naib,33,all-rounder,40.22222222222223,25.94457814413269,38.18337879122734,15.555555555555552,40.0,39.132093731723515,0.0
263,Matthew Wade,36,wicket-keeper,77.59344827586207,26.605236051201345,77.59344827586207,34.87931034482759,76.0,40.12856116319961,0.0
264,Devdutt Padikkal,24,batsman,73.8052512013916,33.32891920049076,73.8052512013916,45.860817941952504,69.25638179800222,50.269863047497374,0.0
265,Ravichandran Ashwin,38,all-rounder,67.71277702416644,76.84548104991441,79.11954535465412,33.9920424403183,65.47231270358306,94.06002247103842,40.570549444302316
266,Prabhsimran Singh,24,wicket-keeper,80.47713890834738,29.448872853118964,80.47713890834738,59.605100781571366,73.22175732217573,44.4176061133016,0.0
267,Noor Ahmad,22,bowler,24.011111111111113,77.16717227076825,77.16717227076825,4.595959595959596,25.0,90.63586520780605,47.830794504181604
268,Reece Topley,31,bowler,38.33333333333334,24.11632455975042,24.11632455975042,0.0,41.66666666666667,27.782141132355235,15.957324899156584
269,Manish Pandey,35,batsman,81.31215444015444,34.976545750951374,81.31215444015444,26.094208494208495,82.14285714285714,52.75497096674415,0.0
270,Moises Henriques,38,all-rounder,26.944444444444443,70.1229478809753,60.350863064223084,4.861111111111111,28.125,94.38471947255105,21.13691560412872
271,Andre Russell,36,all-rounder,72.75062328470317,86.39636586176266,87.80455899588581,62.54813664596273,64.11960132890366,76.46510688048667,100.0
272,Tim David,28,all-rounder,81.00713986480054,26.1435200537101,68.02400891956583,60.75925925925925,73.52185089974293,39.4321569437558,0.0
273,Shakib Al Hasan,37,all-rounder,28.713932738503775,46.44359361060366,43.66656046683196,5.9530791788856305,29.78723404255319,64.5230705149906,10.265540221750411
274,Tilak Varma,22,batsman,80.25418710504219,32.86102413087669,80.25418710504219,52.47208931419458,74.68513853904281,49.56413896059833,0.0
275,Vijay Shankar,33,all-rounder,74.4213057715923,39.9810839820842,67.921121767171,33.92857142857142,72.77936962750717,48.88443912736188,21.206444931773877
276,Abhijeet Tomar,33,batsman,38.35,26.325770103312138,38.35,17.5,37.5,39.707043896398396,0.0
277,Sandeep Warrier,33,bowler,,29.545240632394254,29.545240632394254,0.0,,31.706172365738748,23.87688614540466
278,Washington Sundar,25,all-rounder,69.87044515294441,68.83177510989889,74.40822849901504,18.557889344262293,71.50837988826815,85.85754499982664,33.356366316565314
279,Swapnil Singh,33,all-rounder,32.88,36.88250069382326,38.10342550649098,23.999999999999996,30.0,45.4199147384631,18.961056644880173
280,Nuwan Thushara,30,bowler,,32.76441904083899,32.76441904083899,0.0,,40.74010015377089,16.11689814814815
281,M Shahrukh Khan,29,all-rounder,72.37755015865362,35.15720914662883,64.78906272567095,46.66306832613665,67.51269035532995,53.027464776212405,0.0
282,Arjun Tendulkar,25,bowler,22.668888888888887,36.13477452883828,36.13477452883828,10.11111111111111,22.22222222222222,47.5592585486081,12.893518518518517
283,Naveen-ul-Haq,25,bowler,25.702380952380953,53.774335094433745,53.774335094433745,3.571428571428571,27.083333333333332,58.25832108695376,42.434364744491326
284,Virat Kohli,36,batsman,84.89572847611952,29.965839931515344,84.89572847611952,59.062076877413666,78.15442561205273,45.19734529640323,0.0
285,Rahul Chahar,25,bowler,49.753095238095234,81.08918139988425,81.08918139988425,15.06818181818182,50.476190476190474,91.79670451175038,56.66097005208333
286,Darshan Nalkande,27,bowler,40.027333333333345,26.780134034941238,26.780134034941238,7.7,41.66666666666667,28.14059934883042,22.753267973856207
287,Ben Stokes,33,all-rounder,37.44117647058824,29.330132176527602,37.3043037635488,10.29411764705882,38.23529411764706,44.23851007017738,0.0
288,Rashid Khan,26,bowler,65.11882337404165,86.66449122792797,86.66449122792797,57.52733389402859,57.02479338842975,93.64805958712957,68.83985356207577
289,Harpreet Singh,34,batsman,52.14528528528528,26.71992257792728,52.14528528528528,12.024024024024024,53.80434782608695,40.3015423498149,0.0
290,Naman Dhir,29,batsman,56.465542452830185,27.07243119275916,56.465542452830185,41.036556603773576,51.5625,40.83322955167294,0.0
291,Gurnoor Brar,24,all-rounder,,29.694956897879507,,0.0,,44.788773601628215,0.0
292,Aman Hakim Khan,26,all-rounder,63.230158730158735,27.405752626516172,55.47597176603138,20.238095238095237,63.888888888888886,41.33597681224158,0.0
293,Rassie van der Dussen,35,batsman,27.833082706766916,31.689341237655025,27.833082706766916,7.033492822966508,28.57142857142857,47.796894777760215,0.0
294,Hrithik Shokeen,25,all-rounder,50.563585607940446,43.36656851853342,51.65605079009789,12.701612903225806,51.92307692307692,57.06505775087868,15.497017450142451
295,Sisanda Magala,33,bowler,,35.532141509783656,35.532141509783656,0.0,,51.71657799318756,3.484734734734735
296,Manav Suthar,25,bowler,23.0,31.379725438786625,31.379725438786625,0.0,25.0,47.32990262260426,0.0
297,Anshul Kamboj,29,bowler,23.0,22.20215657961884,22.20215657961884,0.0,25.0,28.06345954798384,10.073061342592592
298,Harshit Rana,25,bowler,15.333333333333332,53.05343387598068,53.05343387598068,0.0,16.666666666666664,57.88166589903475,41.11453609221466
299,Kane Richardson,33,bowler,,36.59073003324369,36.59073003324369,0.0,,51.332602604933406,7.1630658436214
300,Rajvardhan Hangargekar,22,bowler,,29.826564115457767,29.826564115457767,0.0,,39.64676556327182,9.918091168091168
301,AB de Villiers,40,batsman,81.79799622819426,30.578959597572293,81.79799622819426,35.27227722772277,80.47619047619048,46.12211100689637,0.0
302,Baba Indrajith,30,wicket-keeper,26.515833333333333,30.713549522143758,26.515833333333333,2.0416666666666665,28.333333333333332,46.32511240142346,0.0
303,Ravi Bishnoi,24,bowler,22.18317307692308,82.60194986423333,82.60194986423333,1.5144230769230766,23.75,91.64624540990633,61.1778407772141
304,Kyle Mayers,32,all-rounder,72.98021338872628,27.609124682600076,62.66265816585421,45.109243697478995,68.53932584269663,41.642721994871906,0.0
305,Abdul Basith,32,all-rounder,46.0,28.42693287797358,43.245157178511015,0.0,50.0,42.87621851881384,0.0
306,Kedar Jadhav,39,batsman,53.46471571906355,30.535053973909292,53.46471571906355,11.413043478260871,55.38461538461539,46.05588834677118,0.0
307,Rahul Tewatia,31,all-rounder,77.11565173215376,40.80636103528864,70.16858851647038,38.16947447824994,74.6938775510204,52.67968966971737,16.469822925114894
308,Akash Singh,22,bowler,,27.38456238247645,27.38456238247645,0.0,,35.06061294611736,11.594890754063416
309,Rishi Dhawan,34,all-rounder,50.28627450980392,34.711491073489405,48.51088735714326,13.333333333333332,51.470588235294116,45.37262597166061,12.967619199659428
310,Tim Southee,36,bowler,18.941176470588236,57.494717355532615,57.494717355532615,0.0,20.588235294117645,64.14999971594716,41.91391468868249
311,Mohammed Siraj,30,bowler,34.77136363636364,78.93027859253445,78.93027859253445,15.489669421487603,34.09090909090909,89.36659568526062,55.12668250197941
312,Ishan Porel,26,bowler,,29.441922721697797,29.441922721697797,0.0,,41.73686794599325,4.959045584045584
313,Steven Smith,35,batsman,74.37691228070176,29.149866861225142,74.37691228070176,7.933333333333334,78.94736842105263,43.9666166835975,0.0
314,Mitchell Santner,32,all-rounder,31.76236104197777,60.38915899208759,54.88328881849638,7.825203252032519,32.6530612244898,76.62082140865677,26.861496913580247
315,Abdul Samad,22,all-rounder,71.39198888020393,29.86398219757797,62.269905829725374,45.30381445275062,66.76646706586826,39.25816054045054,10.744598765432098
316,Dhruv Jurel,25,wicket-keeper,79.87795933894054,27.5252250683384,79.87795933894054,40.02271802522718,77.25321888412017,41.51617657366274,0.0
317,Sameer Rizvi,25,batsman,35.80977443609023,30.266304497441087,35.80977443609023,13.421052631578945,35.714285714285715,45.6505346869398,0.0
318,Avesh Khan,28,bowler,22.31818181818182,84.05938574145297,84.05938574145297,15.909090909090907,20.454545454545457,85.84248901114245,76.03869895536562
319,James Neesham,34,all-rounder,33.37413793103449,43.825215012393464,43.339613855598955,7.499999999999999,34.48275862068966,54.04814431463551,22.384580761316872
320,Nitish Kumar Reddy,27,batsman,74.59401367989057,18.64687573241025,74.59401367989057,22.023529411764706,75.81395348837209,23.59717687577999,8.408816425120772
321,Dawid Malan,37,batsman,43.258974358974356,32.36921522793247,43.258974358974356,11.666666666666664,44.230769230769226,48.82234574348789,0.0
322,Jitesh Sharma,31,wicket-keeper,80.2679331130818,33.853617905258524,80.2679331130818,68.8572343149808,70.78189300411523,51.06126380883638,0.0
323,Vaibhav Arora,27,bowler,25.875,74.49272279313921,74.49272279313921,0.0,28.125,86.36480903017939,48.271300857507754
324,Donovan Ferreira,25,all-rounder,20.90909090909091,27.437253013289254,27.138285608792064,0.0,22.727272727272727,41.38348870782693,0.0
325,David Wiese,39,all-rounder,25.330000000000002,30.584628795363162,30.938979020615108,31.499999999999996,20.0,46.13066183312694,0.0
326,Sanju Samson,30,wicket-keeper,92.14055318505076,32.81476211529511,92.14055318505076,84.67382648559068,79.90468625893567,49.494362164849335,0.0
327,Chris Lynn,35,batsman,33.68174603174603,32.1310612976529,33.68174603174603,9.722222222222223,34.285714285714285,48.46313921214615,0.0
328,Lizaad Williams,33,bowler,23.0,30.702013905920023,30.702013905920023,0.0,25.0,44.572047327514696,3.22337962962963
329,Prashant Solanki,24,bowler,,30.054951089960692,30.054951089960692,0.0,,41.47471581265136,7.1630658436214
330,Duan Jansen,24,all-rounder,,31.144532581123762,,0.0,,44.40380529463329,4.775377229080933
331,Pradeep Sangwan,33,bowler,30.666666666666664,52.30983794851792,52.30983794851792,0.0,33.33333333333333,69.43143092925139,17.582070707070706
332,Wanindu Hasaranga de Silva,27,all-rounder,47.93550146056475,82.14829566234796,76.26632633010604,19.384615384615383,47.46835443037975,88.75118683546297,65.2836380684482
333,Kumar Kushagra,31,wicket-keeper,19.714285714285715,34.15443134041458,19.714285714285715,0.0,21.428571428571427,51.51497939730706,0.0
